{
  "feature_path": "/home/yanda/Find_Physics_Zone/data/physics_features.pt",
  "candidate_path": "/home/yanda/Find_Physics_Zone/data/target_layer_candidates.json",
  "num_samples": 1000,
  "num_groups": 13,
  "n_splits": 5,
  "config": {
    "device": "cpu",
    "epochs": 300,
    "lr": 0.01,
    "weight_decay": 0.0001,
    "entropy_lambda": 0.001,
    "ridge_alpha": 1.0,
    "seed": 1234
  },
  "per_target": {
    "future_speed": {
      "candidate_layers": [
        "time_space_0",
        "time_space_1",
        "time_space_2",
        "time_space_3"
      ],
      "single_layer_ridge": {
        "mse": 0.27023062109947205,
        "mae": 0.38346683979034424,
        "normalized_mae": 0.08367156547499706,
        "r2": 0.9871342778205872,
        "pearson": 0.993596946070952
      },
      "mean_layer_ridge": {
        "mse": 0.40530622005462646,
        "mae": 0.5074959397315979,
        "normalized_mae": 0.11073442431883723,
        "r2": 0.9807032942771912,
        "pearson": 0.9911657231914918
      },
      "depth_selective": {
        "mse": 0.6495857834815979,
        "mae": 0.6148067712783813,
        "normalized_mae": 0.13414939619189972,
        "r2": 0.9690730571746826,
        "pearson": 0.9844639622841185,
        "layer_weight_mean": [
          0.22164985537528992,
          0.223123237490654,
          0.2682860493659973,
          0.28694087266921997
        ],
        "layer_weight_std": [
          0.005135339219123125,
          0.0015682742232456803,
          0.0031001477036625147,
          0.0043228561989963055
        ],
        "split_layer_weights": [
          [
            0.22208499908447266,
            0.22177772223949432,
            0.2710901200771332,
            0.28504717350006104
          ],
          [
            0.22407923638820648,
            0.22250805795192719,
            0.2698407769203186,
            0.28357186913490295
          ],
          [
            0.2214316725730896,
            0.2249630093574524,
            0.26665470004081726,
            0.28695058822631836
          ],
          [
            0.21250946819782257,
            0.22135113179683685,
            0.2708842158317566,
            0.2952551245689392
          ],
          [
            0.22814393043518066,
            0.22501623630523682,
            0.26296037435531616,
            0.28387945890426636
          ]
        ],
        "split_losses": [
          {
            "split_id": 0,
            "final_loss": 0.002290422096848488
          },
          {
            "split_id": 1,
            "final_loss": 0.002483408898115158
          },
          {
            "split_id": 2,
            "final_loss": 0.002322935964912176
          },
          {
            "split_id": 3,
            "final_loss": 0.002480975817888975
          },
          {
            "split_id": 4,
            "final_loss": 0.0023717242293059826
          }
        ]
      },
      "delta_vs_single": {
        "r2": -0.01806122064590454,
        "normalized_mae": 0.050477830716902664
      },
      "note": ""
    },
    "future_forward_progress": {
      "candidate_layers": [
        "time_space_0",
        "time_space_1",
        "time_space_2",
        "time_space_3"
      ],
      "single_layer_ridge": {
        "mse": 0.010821657255291939,
        "mae": 0.07674485445022583,
        "normalized_mae": 0.08369762986778717,
        "r2": 0.987128734588623,
        "pearson": 0.9935921822973862
      },
      "mean_layer_ridge": {
        "mse": 0.01630256511271,
        "mae": 0.10191918909549713,
        "normalized_mae": 0.11115265807002685,
        "r2": 0.9806097149848938,
        "pearson": 0.9911217285843938
      },
      "depth_selective": {
        "mse": 0.03082958236336708,
        "mae": 0.13631600141525269,
        "normalized_mae": 0.14866568336396133,
        "r2": 0.9633312821388245,
        "pearson": 0.9826189087182967,
        "layer_weight_mean": [
          0.21967682242393494,
          0.22796931862831116,
          0.2650408148765564,
          0.2873130440711975
        ],
        "layer_weight_std": [
          0.0034615250770002604,
          0.005472342949360609,
          0.003611820749938488,
          0.0043212855234742165
        ],
        "split_layer_weights": [
          [
            0.2210025042295456,
            0.22224654257297516,
            0.2702552378177643,
            0.28649571537971497
          ],
          [
            0.2133595198392868,
            0.22544702887535095,
            0.2671962380409241,
            0.29399728775024414
          ],
          [
            0.22243951261043549,
            0.23713839054107666,
            0.25942620635032654,
            0.2809959352016449
          ],
          [
            0.22280728816986084,
            0.22389332950115204,
            0.2637595236301422,
            0.2895398437976837
          ],
          [
            0.21877528727054596,
            0.23112130165100098,
            0.2645668387413025,
            0.2855365574359894
          ]
        ],
        "split_losses": [
          {
            "split_id": 0,
            "final_loss": 0.002305499743670225
          },
          {
            "split_id": 1,
            "final_loss": 0.0023204798344522715
          },
          {
            "split_id": 2,
            "final_loss": 0.0022837715223431587
          },
          {
            "split_id": 3,
            "final_loss": 0.0023502467665821314
          },
          {
            "split_id": 4,
            "final_loss": 0.002330401446670294
          }
        ]
      },
      "delta_vs_single": {
        "r2": -0.023797452449798584,
        "normalized_mae": 0.06496805349617416
      },
      "note": ""
    },
    "future_yaw_rate": {
      "candidate_layers": [
        "ar_5",
        "ar_1"
      ],
      "single_layer_ridge": {
        "mse": 0.08565501868724823,
        "mae": 0.22212578356266022,
        "normalized_mae": 0.4833476889881643,
        "r2": 0.5944222211837769,
        "pearson": 0.7932118500382277
      },
      "mean_layer_ridge": {
        "mse": 0.08575186133384705,
        "mae": 0.22576561570167542,
        "normalized_mae": 0.4912679962324674,
        "r2": 0.593963623046875,
        "pearson": 0.7938159094696735
      },
      "depth_selective": {
        "mse": 0.0880853459239006,
        "mae": 0.22743533551692963,
        "normalized_mae": 0.4949013214638592,
        "r2": 0.5829145908355713,
        "pearson": 0.772320766534922,
        "layer_weight_mean": [
          0.45137858390808105,
          0.5486213564872742
        ],
        "layer_weight_std": [
          0.01150878518819809,
          0.011508790776133537
        ],
        "split_layer_weights": [
          [
            0.4636527895927429,
            0.5363471508026123
          ],
          [
            0.4481540024280548,
            0.5518459677696228
          ],
          [
            0.46071872115135193,
            0.5392812490463257
          ],
          [
            0.43111851811408997,
            0.5688814520835876
          ],
          [
            0.45324891805648804,
            0.546751081943512
          ]
        ],
        "split_losses": [
          {
            "split_id": 0,
            "final_loss": 0.009349647909402847
          },
          {
            "split_id": 1,
            "final_loss": 0.011789713986217976
          },
          {
            "split_id": 2,
            "final_loss": 0.014791572466492653
          },
          {
            "split_id": 3,
            "final_loss": 0.015387128107249737
          },
          {
            "split_id": 4,
            "final_loss": 0.009752512909471989
          }
        ]
      },
      "delta_vs_single": {
        "r2": -0.011507630348205566,
        "normalized_mae": 0.011553632475694853
      },
      "note": ""
    },
    "future_delta_yaw": {
      "candidate_layers": [
        "ar_5",
        "ar_1"
      ],